{"cameraMode":{"drawMode":0,"name":"Shaded","section":"Shading Mode"},"sceneLighting":true,"audioPlay":false,"sceneViewState":{"m_AlwaysRefresh":false,"showFog":true,"showSkybox":true,"showFlares":true,"showImageEffects":true,"showParticleSystems":true,"showVisualEffectGraphs":true,"m_FxEnabled":true},"in2DMode":false,"pivot":{"x":1.0330047607421876,"y":1.9599415063858033,"z":1.882627248764038},"rotation":{"x":0.05803348124027252,"y":-0.9190294146537781,"z":0.14367465674877168,"w":0.36379918456077578},"size":0.6782186031341553,"orthographic":false}