{"cameraMode":{"drawMode":0,"name":"Shaded","section":"Shading Mode"},"sceneLighting":true,"audioPlay":false,"sceneViewState":{"m_AlwaysRefresh":false,"showFog":true,"showSkybox":true,"showFlares":true,"showImageEffects":true,"showParticleSystems":true,"showVisualEffectGraphs":true,"m_FxEnabled":true},"in2DMode":false,"pivot":{"x":-2.4501707553863527,"y":1.4467804431915284,"z":-1.1842418909072877},"rotation":{"x":-0.1667526811361313,"y":0.7094728350639343,"z":-0.17841096222400666,"w":-0.6623240113258362},"size":1.1576969623565674,"orthographic":false}